ad_id,Has this ad been deleted? Why?,what is the brand?,What is the product?,what is the category of the product?,"Do you believe that this video was sponsored by a commercial brand, public agency (e.g., FIESP/FIEMG/SESI), government agency or an youtuber (famous or not)?","Do you believe this ad employs multimedia (audio, video) or other features in its discourse to attract the attention of children?","Do any well known children character appear on the ad?
",Does this ad advertise a product geared to children?,"Based on your personal beliefs, 
do you think the ad is unsuitable for children?"
1kMEXhOMznQ,no,WeWork,Office Design,Business & Industrial,Commercial brand,no,no,no,no
4iN924ZPuq8,no,Nissan,Car,Auto & Vehicles,Commercial brand,no,no,no,no
9WllDS8ipGE,no,Twitter,Social Network,Online Services,Commercial brand,no,no,no,no
_bUC94FnH3s,no,Vivo,Internet,Internet & Telecom,Commercial brand,yes,no,no,no
gweNN7FV0B8,no,Uber,Ridesharing,Transportation,Commercial brand,no,no,no,no
bNyBMZIb-TU,no,DecoraPort,Decoration,Home & Garden,Commercial brand,no,no,no,no
U6bIky0P8tM,no,Content,Horror history,,Youtuber,no,no,no,yes
1YBY1Hyo7ls,no,CraveTV,Streaming Service,Arts & Entertainment,Commercial brand,no,no,no,no
dPBCIjA6kRs,no,Vivo,Internet,Internet & Telecom,Commercial brand,yes,no,no,no
pe8J6Hs_zNA,no,WeWork,Office Design,Business & Industrial,Commercial brand,no,no,no,no
jLpaRzJ7qX8,no,Taiwan Tourismo,Tourism,Travel,Government,no,no,no,no
ZFGmv22PsVo,no,Dennix,Music,Arts & Entertainment,Commercial brand,no,no,no,no
jsngUBUAE8w,no,Speedy Glass,Windshield Recalibration,Auto & Vehicles,Commercial brand,no,no,no,no
WyiH4RXTnNg,no,Recco Man,Underwear,Clothing,Commercial brand,no,no,no,no
p9b9pLNVxpo,no,Divino Fogão,Restaurant,Food & Drink,Commercial brand,no,no,no,no
HJPxAG9QTg0,no,TruShield,Insurance,Business & Industrial,Commercial brand,no,no,no,no
5bIyjUQX4Mw,no,Market One Media Group,News,News,Commercial brand,no,no,no,no
KjD_gTw2CZE,no,Content,Channel,,Youtuber,no,no,no,no
kTS-E0E6l1k,no,Canadian Rack,Warehouse Services,Business & Industrial,Commercial brand,no,no,no,no
bQPR99T4QAA,no,Grammarly,Grammar App,Online Services,Commercial brand,no,no,no,no
hP5T0ZA3KHA,no,Dan Plowman Team Realty,House,Real Estate,Commercial brand,no,no,no,no
YCUy7afGqEU,no,"Femme, Laboratório da Mulher",Fetal Sex Determination,Health & Hygiene,Commercial brand,no,no,no,no
G_8qUjy8QhY,no,Singita,Tourism,Travel,Commercial brand,no,no,no,no
QIdGbVUmEmY,no,LittleTikes Shop,Toy,Arts & Entertainment,Commercial brand,yes,no,yes,no
PItMuMJBFlg,no,Visit California,Tourism,Travel,Commercial brand,no,no,no,no
lf70tybjLHY,no,Sanofi,Check-Up,Health & Hygiene,Commercial brand,no,no,no,no
kSzOZtwNIu4,no,LensCrafters,Glasses,Health & Hygiene,Commercial brand,no,no,no,no
GY__yUY7XHA,no,Amazon,Amazon Echo (Alexa),Home & Garden,Commercial brand,yes,no,no,no
nMwSpxLirOg,no,Stargazer,Pan,Home & Garden,Youtuber,no,no,no,no
M7q9oeQo7mY,no,Subway,Sandwich,Food & Drink,Commercial brand,yes,no,no,no
wo512MzPLco,no,Netflix,Streaming Service,Arts & Entertainment,Commercial brand,no,no,no,no
ddDxg2lcRlA,no,RingOffice,Phone System,Internet & Telecom,Commercial brand,no,no,no,no
Bzka6XTxGAM,no,Hyundai,Car,Auto & Vehicles,Commercial brand,no,no,no,no
K8GrpLcP5OQ,no,Mercedes-Benz,Car,Auto & Vehicles,Commercial brand,no,no,no,no
sIJo2WEgFb0,no,Paraíso,Clothes,Clothing,Commercial brand,yes,no,no,no
KzDiBiWCdpI,no,Hyundai,Car,Auto & Vehicles,Commercial brand,no,no,no,no
c5LLVXbWqCw,no,SalonLine,Hair Product,Beauty & Fitness,Commercial brand,no,no,no,no
XjNy7r0VjNw,no,Youse,Insurance,Finance,Commercial brand,no,no,no,no
HCuZFtlEECA,no,Visit Orlando,Tourism,Travel,Commercial brand,yes,no,no,no
bG92BRJkdZk,no,Family Channel,TV Channel,Arts & Entertainment,Commercial brand,yes,no,yes,no
uiZHCvDXcp0,no,Klorane,Dry Shampoo,Health & Hygiene,Commercial brand,no,no,no,no
T7cqHCOEcvk,no,TIM,Internet,Internet & Telecom,Commercial brand,no,no,no,no
YNkiioOJsxc,no,Currituck Outer Banks,Tourism,Travel,Commercial brand,no,no,no,no
DgkT6ZZFEJw,no,Peugeot,Car,Auto & Vehicles,Commercial brand,no,no,no,no
Wvg--7kZ5Mg,no,Decathlon,Store Opening,Clothing,Commercial brand,no,no,no,no
NWdYSBC9ZUs,no,McDonalds,McCafé,Food & Drink,Commercial brand,no,no,no,no
at5uH0CEM8w,no,Peugeot,Car,Auto & Vehicles,Commercial brand,no,no,no,no
Ylp536Gx_SU,no,Old Navy,Jeans,Clothing,Commercial brand,no,no,no,no
zkGeFBEKf7g,no,Sony Pictures,Movie,Arts & Entertainment,Commercial brand,no,no,no,no
d8aOxdzXDqE,no,KAYAK,Travel Service,Travel,Commercial brand,no,no,no,no
Zf9qAT8Q9YM,no,DBandit,Musical Event,Arts & Entertainment,Commercial brand,no,no,no,no
Vb-HT8s-XY0,no,Ram,Car,Auto & Vehicles,Commercial brand,no,no,no,no
tA9emGX2TRU,no,Canadian Cancer Society,Fundraising Event,Health & Hygiene,Public Agency,no,no,no,no
vUaHuA62AwE,no,Arte Kerosene,Music,Arts & Entertainment,Commercial brand,no,no,no,no
r8JTL5OuMJ4,no,Vichy,Skin Stuff,Clothing,Commercial brand,no,no,no,no
ut_nR2qGQEU,no,Porto Seguro,Event,Arts & Entertainment,Commercial brand,yes,no,yes,no
xd4bkuvMOe8,no,Omega,Watch,Clothing,Commercial brand,no,no,no,no
XzDQQfWZtwQ,no,Stupid Callous,Parody Music,Arts & Entertainment,Commercial brand,no,no,no,no
GOTN5FM8S2Y,no,Cadillac,Car,Auto & Vehicles,Commercial brand,yes,yes,no,no
U48sSvGjUu0,no,CIBC,Credit Card,Finance,Commercial brand,no,no,no,no
qspStuv1zI0,no,BMW,Car,Auto & Vehicles,Commercial brand,no,no,no,no
RLi_X7lWDKU,no,CraveTV,Streaming Service,Arts & Entertainment,Commercial brand,no,no,no,no
34AJ7MJNqFg,no,Soulja Boy,Music,Arts & Entertainment,Commercial brand,no,no,no,yes
YCCu_a1GI8c,no,Proctan,Hemorrhoid Medicine,Health & Hygiene,Commercial brand,no,no,no,no
SpPHE5nGpoM,no,Neutrogena,Makeup Remover,Beauty & Fitness,Commercial brand,no,no,no,no
n_4n6O8-OzI,no,Kinder,Kinder Ovo,Food & Drink,Commercial brand,yes,no,yes,no
8ggfB7bU1FM,no,NET,Cable TV and Streaming Service,Arts & Entertainment,Commercial brand,yes,no,no,no
2vlJnZfjjac,yes,McCafé $1 Any Size Premium Roast Coffee | McDonald's Canada,,,,,,,
V5OOIKiTRvo,no,Treetop Trekking,Adventure Park,Travel,Commercial brand,no,no,no,no
eXQ4u_5iz1I,no,Reebok,Sports Gear,Clothing,Commercial brand,no,no,no,no
BwsbiCfZwPs,no,Content,Youtube Channel,,Youtuber,yes,yes,yes,no
Hm0e0-BYkpo,no,Diabetes Canada,Fundraising Event,Health & Hygiene,Public Agency,no,no,no,no
TibNp6DN6vI,no,ONG SH11,Music,Health & Hygiene,Public Agency,no,no,no,no
0OV8X8YwSaQ,no,Giuliana Flores,Flower,Home & Garden,Commercial brand,no,no,no,no
YZs_GD7zLrw,no,Clínica Soles,Aesthetics,Beauty & Fitness,Commercial brand,no,no,no,no
MpcV61eFJWk,no,Titleist,Golf Club,Sports,Commercial brand,no,no,no,no
Dmcm8eF4NeU,no,Apple,Apple Watch,Computers & Eletronics,Commercial brand,no,no,no,no
Kq8XHxQQbg4,no,Tech Funshop,Vaporizer,Home & Garden,Commercial brand,no,no,no,no
EFUkWNn-Lo4,no,Blizzard,Ice Cream,Food & Drink,Commercial brand,no,no,no,no
vLcNM2iqD9o,no,eBay,Online Shop,Online Services,Commercial brand,no,no,no,no
_68GEzmsjEs,no,Uber,Ridesharing,Transportation,Commercial brand,no,no,no,no
4vUuC_rKboc,no,Soda Stream,Water Aerator,Home & Garden,Commercial brand,no,no,no,no
fsfikgfdUqM,no,Goemans,Dishwasher,Home & Garden,Commercial brand,no,no,no,no
MOo9iJ8RYWM,no,Grammarly,Grammar App,Online Services,Commercial brand,no,no,no,no
yBOnnVSHxZ0,no,Content,Youtube Channel,,Youtuber,yes,no,yes,no
oHIfUitdQHI,no,Content,Youtube Channel,,Youtuber,yes,no,yes,no
kl60uZdJ0Xg,no,IBM,IBM Cloud,Computers & Eletronics,Commercial brand,no,no,no,no
L2-d3DnNBCU,no,Honda,Car,Auto & Vehicles,Commercial brand,no,no,no,no
2iTNc8rsFo8,no,Cougar Shoes,Shoes,Clothing,Commercial brand,no,no,no,no
YYDSvfIdL-0,no,Chevrolet,Car,Auto & Vehicles,Commercial brand,no,no,no,no
_W8ruoagF5M,no,McDonalds,Burger,Food & Drink,Commercial brand,yes,no,yes,no
uxqzB2Kb-a8,no,TaylorMade,Golf Club,Sports,Commercial brand,no,no,no,no
SC2LDdtCFlg,no,UNIP,Superior Education,Education,Commercial brand,no,no,no,no
1u2nS8jcc5g,no,Consul,Fridge,Home & Garden,Commercial brand,no,no,no,no
LBNnsuBkLXc,no,Youse,Insurance,Finance,Commercial brand,no,no,no,no
UeYrVZbjxKg,no,SEBRAE,Superior Education,Education,Commercial brand,no,no,no,no
3lSflsFxW6I,yes,Nespresso | Comin’ Home: Recycling | CA,,,,,,,
D64yWkA1IAU,no,ABECS,PSA,Finance,Government,no,no,no,no
cAeQWbq_tVM,no,Loopmasters,EDM Samples,Arts & Entertainment,Commercial brand,no,no,no,no
dVtrly-E7PY,no,Claro,Smartphone,Computers & Eletronics,Commercial brand,no,no,no,no
dxegjkqojGg,no,Oakley,Various clothes,Clothing,Commercial brand,no,no,no,no
P0NRPkOIsAo,no,Content,Youtube Channel,,Youtuber,yes,yes,yes,no
AXbOLpIE254,no,McDonalds,Burger,Food & Drink,Commercial brand,no,no,no,no
TGisaGfc-pc,no,O vídeo não foi disponibilizado em seu país pelo usuário que fez o upload.,,,,,,,
Ksje38btNLk,no,Broil King,Barbecue grill,Food & Drink,Commercial brand,no,no,no,no
yGi5flMWjAE,no,PizzaHut,Pizza,Food & Drink,Commercial brand,no,no,no,no
385aUOUkQzU,no,Veet,Gel Wax,Beauty & Fitness,Commercial brand,no,no,no,no
Y6QRfq76i4k,no,Kronenbourg 1664,Beer,Food & Drink,Commercial brand,no,no,no,yes
mIM64bMtuHg,no,Robin Hood,Baking Mix,Food & Drink,Commercial brand,no,no,no,no
oehbLuy6aXw,no,Gabily,Music,Arts & Entertainment,Commercial brand,no,no,no,yes
9ZR_tDw6eCM,no,Swiss Internation Air Lines,Airplane travel,Travel,Commercial brand,no,no,no,no
h2KigmRHlvg,no,ACCIONA,Construction,Business & Industrial,Commercial brand,no,no,no,no
r7HZyQcDsJQ,no,Renner,Clothes,Clothing,Commercial brand,no,no,no,no
y8bZkOGDFgA,no,Petrobras,PSA,Business & Industrial,Commercial brand,no,no,no,no
6_ufvsWT5oA,no,Mazda,Car,Auto & Vehicles,Commercial brand,no,no,no,no
6qJBeqewYps,no,Elsys Eletrônicos,Internet,Internet & Telecom,Commercial brand,no,no,no,no
wJR0mQtILhs,no,Mazda,Car,Auto & Vehicles,Commercial brand,no,no,no,no
7rTmlLA31ew,no,Good Price World,Massage Chair,Home & Garden,Commercial brand,no,no,no,no
t1ZIP9aFDKY,no,Uber,Ridesharing,Transportation,Commercial brand,no,no,no,no
TbwblbDusF8,no,Content,Dating advice,,Youtuber,no,no,no,no
BIIVF4z5Sn8,,,,,,,,,
1esoP0swgTM,,,,,,,,,
K25yYUytD1U,,,,,,,,,
_tS0QwW6rqs,,,,,,,,,
qPgTZZyHpDI,,,,,,,,,
94Uy8gYvBUk,,,,,,,,,
Qq_3gZiJTsw,,,,,,,,,
TWELYLhPbXc,,,,,,,,,
YA1jrCJrBEQ,,,,,,,,,
w6nly1rBmsQ,,,,,,,,,
yfiw9XDTHeE,,,,,,,,,
fCrC_H4WNIA,,,,,,,,,
tdFq7NNqMhY,,,,,,,,,
IKAt3A2TZkA,,,,,,,,,
ReRis2ipZzA,,,,,,,,,
X30N9H1pxhA,,,,,,,,,
c0SFUhuBDOc,,,,,,,,,
kx-_IjQtNOo,,,,,,,,,
AI-x_cwEEwo,,,,,,,,,
oWhFtBDLEaI,,,,,,,,,
_ZeP_ZnO9ao,,,,,,,,,
mQcTnfDiaeQ,,,,,,,,,
FfbsQ03F9Ww,,,,,,,,,
hTeuHPZsudg,,,,,,,,,
bvcYaI1wegs,,,,,,,,,
srtgXpIwb1M,,,,,,,,,
I68KGzme_gI,,,,,,,,,
rr3yjOHSX6k,,,,,,,,,
5JTU69yLDMY,,,,,,,,,
Cxb4ueMEZPk,,,,,,,,,
yxFQMuslwzc,,,,,,,,,
WNLvIQYdwAo,,,,,,,,,
fgVQeSpoUbg,,,,,,,,,
AppHN8nrtjo,,,,,,,,,
PusepRhkdCo,,,,,,,,,
6iBodMQPCdU,,,,,,,,,
USGOPGb6nUE,,,,,,,,,
O30_xIYMM7M,,,,,,,,,
dKdNXK-6pnY,,,,,,,,,
jEcWEZy3L0k,,,,,,,,,
JUUzxr5yj-o,,,,,,,,,
rKCGRCeua8U,,,,,,,,,
PaszKEBk2ho,,,,,,,,,
-0iPHNTYfOI,,,,,,,,,
MPFm-I6R5WI,,,,,,,,,
EnauWgbB9v8,,,,,,,,,
GbRBPNeZ2iA,,,,,,,,,
9pAeQbuaqsM,,,,,,,,,
sTYrVkrrBqM,,,,,,,,,
RilFxu-gWHU,,,,,,,,,
Ja3HCpwTo_0,,,,,,,,,
kOZJmSoYkcM,,,,,,,,,
10rT8iZWyAE,,,,,,,,,
wgfraiRHQZM,,,,,,,,,
xFdj7lw7NUM,,,,,,,,,
xv9029oFg9s,,,,,,,,,
APifwOh6Pis,,,,,,,,,
qaZg85oFi_4,,,,,,,,,
b1E5PNeh6uc,,,,,,,,,
jQbg20iHd80,,,,,,,,,
JmdPjSoc11Y,,,,,,,,,
pHRa6OyO_-Y,,,,,,,,,
ZdfJL6QWNFI,,,,,,,,,
EXwX70TiGqw,,,,,,,,,
45WDnXY1uDg,,,,,,,,,
fpc9kIa8Ubg,,,,,,,,,
UTuB1zH-V5Q,,,,,,,,,
HiK79IyS-ZY,,,,,,,,,
r_3ZFRoWpSE,,,,,,,,,
g9JIquykHZc,,,,,,,,,
A57pLt8we4Q,,,,,,,,,
VpeSfF34wt4,,,,,,,,,
otSo3ZcjEOk,,,,,,,,,
WMFDt5nR-JY,,,,,,,,,
tWZt91Y5yUE,,,,,,,,,
BnWR_-RgCJo,,,,,,,,,
7AA0awrRzKs,,,,,,,,,
WM8EI3CvMeg,,,,,,,,,
fNJHqP-BN-I,,,,,,,,,
3FXSiV9J5n8,,,,,,,,,
pvVdo0oHy1c,,,,,,,,,
om9zH6wRCQs,,,,,,,,,
coPq2WZWVZI,,,,,,,,,
JhR5pRPQHbw,,,,,,,,,
HuwdyvrH91M,,,,,,,,,
b4C1aZb8DT8,,,,,,,,,
9gCURFT9SLI,,,,,,,,,
A7xA6x32Eok,,,,,,,,,
SsE7mXgip48,,,,,,,,,
RKBFEorJAK8,,,,,,,,,
2xWVVA3peYY,,,,,,,,,
562qgVX8B8A,,,,,,,,,
PREDAzYvHVM,,,,,,,,,
2_sOoViw7_Y,,,,,,,,,
m3rUme1kop4,,,,,,,,,
W9Z4_E9bNfA,,,,,,,,,
P3I2XCwacvo,,,,,,,,,
bCZPqeaLKeA,,,,,,,,,
BiLSzGStxho,,,,,,,,,
_FXa6iP8NGQ,,,,,,,,,
GidjAB9dgoo,,,,,,,,,
OqaDg_sIPHg,,,,,,,,,
lVQ0dsCdsOs,,,,,,,,,
ACYL1jNxQio,,,,,,,,,
oNvpJSIkgHM,,,,,,,,,
jQV940ug6ls,,,,,,,,,
z1cjbFSwUa0,,,,,,,,,
-saZYcGKv4E,,,,,,,,,
yh1Gemdk5VY,,,,,,,,,
axO8kJMScrE,,,,,,,,,
utWPvjb8S0k,,,,,,,,,
-Z5fDjEBgEk,,,,,,,,,
JTuYMmm9gro,,,,,,,,,
Piu3gJJa5fs,,,,,,,,,
UvjMNvccAog,,,,,,,,,
sa4Ug2WZPnM,,,,,,,,,
9Ur8d5Vk8iE,,,,,,,,,
By5n7hSW6Vs,,,,,,,,,
wfDPnm0Yyus,,,,,,,,,
SQLVzasc3hc,,,,,,,,,
wqHPCiP8LR0,,,,,,,,,
mbv0FR8vwzg,,,,,,,,,
GvLjXPfMOos,,,,,,,,,
a5xt887Ey1E,,,,,,,,,
aUc7oVgIOF0,,,,,,,,,
Y0f83fWVQ_Q,,,,,,,,,
-jNq_3L_Bpo,,,,,,,,,
SHsnmeoOL6Q,,,,,,,,,
shUAVia_cFs,,,,,,,,,
BuupTEmDeeg,,,,,,,,,
2IrkCmZw-H0,,,,,,,,,
vudBKHcBWaQ,,,,,,,,,
41QKxzBmH-4,,,,,,,,,
3oRMnKtVc2o,,,,,,,,,
QrfdD9sumOk,,,,,,,,,
-YqRXbAI0wM,,,,,,,,,
4k3o3lFgdJw,,,,,,,,,
ctovzM93z4w,,,,,,,,,
1zalC_Hg1eI,,,,,,,,,
XMX7nJzv8IM,,,,,,,,,
VTCGulAaDh0,,,,,,,,,
l1ERiP8br4E,,,,,,,,,
kqgcm_hAbu0,,,,,,,,,
__jLNkqYKHw,,,,,,,,,
YgOYsfY58U8,,,,,,,,,
PDWWsWHf7Ys,,,,,,,,,
tP7OKISS9o4,,,,,,,,,
HZ367wKExf8,,,,,,,,,
rYbiz7YA-ZY,,,,,,,,,
HmoZrVRTSng,,,,,,,,,
dVQaTZ4489Y,,,,,,,,,
1L7ZUgUHUg0,,,,,,,,,
Je1OWRZSA4o,,,,,,,,,
s_4UP8wDAVk,,,,,,,,,
XmrTiQg7KcE,,,,,,,,,
BlInS7_GSKo,,,,,,,,,
nWaEVt85ZKg,,,,,,,,,
PG-sl_XM-q4,,,,,,,,,
WeBF0LUzh3k,,,,,,,,,
eveDkW1csw4,,,,,,,,,
vEJGdNpFYOU,,,,,,,,,
duczZCGDCOQ,,,,,,,,,
4uYZBcUIpFs,,,,,,,,,
4v6znwj6_9U,,,,,,,,,
5DjNhii-fdQ,,,,,,,,,
m3dT4GZu9eA,,,,,,,,,
uap8cGvomUU,,,,,,,,,
Owr74rwmdV0,,,,,,,,,
GWiq8zfASec,,,,,,,,,
2IeB6E0b-kw,,,,,,,,,
YvKRbwA9ioA,,,,,,,,,
0VO0bk9IolI,,,,,,,,,
cgGy0oJBBlA,,,,,,,,,
5ALFIEAuUQQ,,,,,,,,,
KYJIMtTFKbA,,,,,,,,,
SP_aDlRpO4M,,,,,,,,,
vVif_zfX2AQ,,,,,,,,,
y0CzTotSLAU,,,,,,,,,
qI-StMAp-Yk,,,,,,,,,
0UVa0ZpuA5g,,,,,,,,,
qIf7g8DfwJM,,,,,,,,,
xY04ZelljQA,,,,,,,,,
1YFKpdWa1SQ,,,,,,,,,
sPZsi8jgOWc,,,,,,,,,
CO-NBrKxLvY,,,,,,,,,
nrwh7PiBtC8,,,,,,,,,
FhtWCZguEwk,,,,,,,,,
dMOWWT1tNzA,,,,,,,,,
EI2ng6YqdJM,,,,,,,,,
12rJfIdIOmo,,,,,,,,,
QXMw0dqT5wY,,,,,,,,,
4SCTISiLHm4,,,,,,,,,
r9ozlYnwZSQ,,,,,,,,,
GRXgNLdJlrA,,,,,,,,,
7coGuoLt-RE,,,,,,,,,
e1hIXEClwBQ,,,,,,,,,
n6uPgVgb3oE,,,,,,,,,
wMhJBYWl2Hc,,,,,,,,,
4n9UGjQV0ug,,,,,,,,,
UwzthUZre5g,,,,,,,,,
1-B_yYruKqc,,,,,,,,,
OwHrUDi7Fc8,,,,,,,,,
fBj-z69BmxY,,,,,,,,,
mbPy3mT-0R0,,,,,,,,,
AoyAT74Ie3I,,,,,,,,,
gVQIDb3Lm3Y,,,,,,,,,
IhvuuP-p8Do,,,,,,,,,
5-gEERQ3yp0,,,,,,,,,
du4mcBSWiwI,,,,,,,,,
yznZEZnoCNI,,,,,,,,,
hawthY7jCIo,,,,,,,,,
0XGP_tZuEIQ,,,,,,,,,
2qg0fpE-Lkg,,,,,,,,,
-rXdptVUXMc,,,,,,,,,
UMuHqF0nAiY,,,,,,,,,
gz5vTt4gpqI,,,,,,,,,
cjI79B8XSCo,,,,,,,,,
MCE0lAPE32I,,,,,,,,,
SRjXvh9KXK0,,,,,,,,,
n7KOeAx4YIc,,,,,,,,,
IoECaXJnkoM,,,,,,,,,
d2QOWs3pv6w,,,,,,,,,
IFiW7U5qgG0,,,,,,,,,
qamzJpRiYD8,,,,,,,,,
FZGMQs3obFc,,,,,,,,,
1fKkqGz0-fA,,,,,,,,,
hQwqXbcZ_bU,,,,,,,,,
IQpsN7KoiJQ,,,,,,,,,
Mf1uhi29R7A,,,,,,,,,
ihddOzEwnHQ,,,,,,,,,
s_xqUHGmrhM,,,,,,,,,
djNs_w7wMOA,,,,,,,,,
w4-xR6P4Wlc,,,,,,,,,
eXN02fyEyec,,,,,,,,,
RIUce2uqWTA,,,,,,,,,
IRSNBzhEFsc,,,,,,,,,
i1Yj7jWe5x8,,,,,,,,,
ogcYOI_zt_I,,,,,,,,,
3HGKrBTMH9g,,,,,,,,,
qo2mtkvVyWs,,,,,,,,,
JSq-ImPEU2k,,,,,,,,,
M6zmFda8sxM,,,,,,,,,
xTHfy4Hi42g,,,,,,,,,
Wv8BKAsOOrg,,,,,,,,,
tWY8q6jgpTQ,,,,,,,,,
_AqdAVdu08o,,,,,,,,,
A4xZKFpgSFw,,,,,,,,,
1B_yz_dIVVw,,,,,,,,,
67j2nccC774,,,,,,,,,
LL8NzbW3jro,,,,,,,,,
ieMXfcqQPKU,,,,,,,,,
HrwOgu0D6Iw,,,,,,,,,
9GNer2xak2Y,,,,,,,,,
0HgV-L394m0,,,,,,,,,
7I_0iXnYIys,,,,,,,,,
0FANckjzFoA,,,,,,,,,
inGSwxFOUHY,,,,,,,,,
Q-MsNwfEam8,,,,,,,,,
ErvsSSLfVDE,,,,,,,,,
GQewA8ovvpQ,,,,,,,,,
x_u6B3Uiut4,,,,,,,,,
UEY2Oz8TtrA,,,,,,,,,
OXVQzsJNFRM,,,,,,,,,
z-tSfBg-OEc,,,,,,,,,
WLT29BCt9Jo,,,,,,,,,
o5kkjac2000,,,,,,,,,
73rld8AWS-4,,,,,,,,,
cYoIXod1jQE,,,,,,,,,
0iKgdWlncgw,,,,,,,,,
tVwwPRdbj4g,,,,,,,,,
beusuXe4EsQ,,,,,,,,,
OWEJL07BDCA,,,,,,,,,
6bBop4kZGzQ,,,,,,,,,
bd0e30d03wY,,,,,,,,,
8kxl3H2oQoE,,,,,,,,,
qKoVsFI-IJ4,,,,,,,,,
bdYPo-mucSo,,,,,,,,,
C56tCScr_NA,,,,,,,,,
8tCK3JaDc3s,,,,,,,,,
sggyk5ZfqLw,,,,,,,,,
C43JWBnH0_U,,,,,,,,,
pDgKjFMQKG4,,,,,,,,,
KYEBx6xC-ps,,,,,,,,,
S9l2bawC8fk,,,,,,,,,
Q1Q7ybsL-Rk,,,,,,,,,
YtR2eFQVOBk,,,,,,,,,
kx8hhFLDeQo,,,,,,,,,
3XgmRs4f87c,,,,,,,,,
vheRbh7SgmI,,,,,,,,,
XdqxiZUqeOs,,,,,,,,,
rk3TQ61gzN4,,,,,,,,,
OHTpFghmZks,,,,,,,,,
7YSnJO5qXwU,,,,,,,,,
rxtxSF4SR_U,,,,,,,,,
AGeMj1qAdtE,,,,,,,,,
biVVG8nyro4,,,,,,,,,
qDmgx8BDB0I,,,,,,,,,
1sn8pT1TlvE,,,,,,,,,
ui5LwG472_o,,,,,,,,,
Lh-kqmBzToo,,,,,,,,,
3v5iyhOkvOA,,,,,,,,,
ONXx0DqiBgA,,,,,,,,,
G6a-FREGdzQ,,,,,,,,,
UQV7Ya7s1Pw,,,,,,,,,
StDNA48SU5s,,,,,,,,,
_ZEJMBtHOq8,,,,,,,,,
FMfY0hDPF_0,,,,,,,,,
O6K6SqFwg3U,,,,,,,,,
IyIdgyk-x1w,,,,,,,,,
UqeFn7wTtgI,,,,,,,,,
jhGKu2GWyVg,,,,,,,,,
8Wc0H-VaF5c,,,,,,,,,
pkxaqz0JVOg,,,,,,,,,
u2jhvDdZ48k,,,,,,,,,
Gs30r1Ap5og,,,,,,,,,
9AsG7ozVp2I,,,,,,,,,
mbMB8uaF-ZU,,,,,,,,,
g3ertSeV3pI,,,,,,,,,
yiapnF2xkTY,,,,,,,,,
Gy_SRx653Fo,,,,,,,,,
B830_JSk9Pw,,,,,,,,,
Ijgl2r2zCYk,,,,,,,,,
_zW57kF37LM,,,,,,,,,
_HoUktp0tQ8,,,,,,,,,
byGUnyLObS4,,,,,,,,,
TX-dGlLS3Uo,,,,,,,,,
r_gLD-CaM04,,,,,,,,,
LZQj0L9KCOM,,,,,,,,,
W5SsokOSU2w,,,,,,,,,
cyMyqtXJgsU,,,,,,,,,
1lOg4Ge9lxM,,,,,,,,,
TdVczKX6Qw8,,,,,,,,,
E_uSLl_JZHc,,,,,,,,,
fD4Fellv80M,,,,,,,,,
LXHnzn48CCo,,,,,,,,,
wFUrbGpArl0,,,,,,,,,
NP6vdpwMySc,,,,,,,,,
pTMJMr5li5Q,,,,,,,,,
J1Dc2Okf9gE,,,,,,,,,
gFBZNcL3Mt8,,,,,,,,,
cpnu9lwuCVA,,,,,,,,,
iwOgBdJ4ruk,,,,,,,,,
4QF3baTFNxg,,,,,,,,,
EnhABbYHp0s,,,,,,,,,
ie-heDB7Np8,,,,,,,,,
QPgi_kxKdGQ,,,,,,,,,
ylvkjv8ITN8,,,,,,,,,
kaxk6y7zErs,,,,,,,,,
tNEf0x8iAHk,,,,,,,,,
bINTu8WANjk,,,,,,,,,
Flx6PP-8EUg,,,,,,,,,
3LjBC1enTjE,,,,,,,,,
BTJjT4qXBCQ,,,,,,,,,
DKhqWfmzzjs,,,,,,,,,
sHQenmz-MnI,,,,,,,,,
bWD1cGwayRw,,,,,,,,,
YY9460HR-G0,,,,,,,,,
z9l_9FpZuLU,,,,,,,,,
g4OSDHrRAvA,,,,,,,,,
mUhPLg6ogWA,,,,,,,,,
ZRKlthLjLwE,,,,,,,,,
HOXHVUUjnqA,,,,,,,,,
HR5sbae8HF4,,,,,,,,,
3aN7uNqOcAg,,,,,,,,,
WQfj9RCxFYI,,,,,,,,,
p0yvSrO0TKo,,,,,,,,,
Y411iQ1FLPE,,,,,,,,,
G5N6uLm2oA8,,,,,,,,,
VhOeMqa2on0,,,,,,,,,
-ilNuSh1Fgw,,,,,,,,,
qsmmh6sSSZ4,,,,,,,,,
DLnZI_xVv5o,,,,,,,,,
rDOz5EWU-iY,,,,,,,,,
HbAQ0UZ9q2w,,,,,,,,,
_wHvfFb1-p4,,,,,,,,,
qkXVwS2awlc,,,,,,,,,
1SuJb5Qv2eY,,,,,,,,,
vPB8Ehf_Mvg,,,,,,,,,
LMH5ORhlftY,,,,,,,,,
SONjUNhh8qM,,,,,,,,,
1juPZLpCZfA,,,,,,,,,
wp0LhE85qwM,,,,,,,,,
MHKq6fZoBQM,,,,,,,,,
gKZt0a7s-bc,,,,,,,,,
TwJ3lEqliPo,,,,,,,,,
DNuvPy6-2h8,,,,,,,,,
jkXXsTDpY7E,,,,,,,,,
iooKztosfFM,,,,,,,,,
zuFmdtfEKZs,,,,,,,,,
ZiGj1TUX7_U,,,,,,,,,
6Ixuav_cWBs,,,,,,,,,
Z8yPKeHxJYA,,,,,,,,,
5rqD9lorHaw,,,,,,,,,
LAG7rGuKtDs,,,,,,,,,
kZFl8NCMCNA,,,,,,,,,
tmAFuybs2Kk,,,,,,,,,
ZRODfQpkb9M,,,,,,,,,
MHiioN0DPEc,,,,,,,,,
j3zw_bO-Utw,,,,,,,,,
_Sbn2vxuz0E,,,,,,,,,
KzxJN6BsbN0,,,,,,,,,
jWK-UpZdFn0,,,,,,,,,
NlqbDo-2lrg,,,,,,,,,
T5fR4irkEcY,,,,,,,,,
DS-_VQsokfk,,,,,,,,,
i6VrktGBAMM,,,,,,,,,
uvhDANE1BC0,,,,,,,,,
I8QHphA7e84,,,,,,,,,
eGoFxqqZKUg,,,,,,,,,
tLWLJ1ZS8g8,,,,,,,,,
6AQlAQ0qbXY,,,,,,,,,
84sS_eQbAFc,,,,,,,,,
Rxq6La91afM,,,,,,,,,
kq-d_Vbb6Kg,,,,,,,,,
mmp7v2qAiLc,,,,,,,,,
RcgXz8ng5uo,,,,,,,,,
6Ubm3UrqNRg,,,,,,,,,
T6SUGoa59zQ,,,,,,,,,
67DWiiY3bRA,,,,,,,,,
F9ojvInsvIo,,,,,,,,,
lKKOXsI33lw,,,,,,,,,
B5AHUFwhkDM,,,,,,,,,
Gah4X2k-yWs,,,,,,,,,
0Z4OFJ2rWDY,,,,,,,,,
Wi32n3UiloY,,,,,,,,,
wHZntdQJVJo,,,,,,,,,
W4uO8wT4-qc,,,,,,,,,
wsxpR2KZf40,,,,,,,,,
ZYzzdMDCi9E,,,,,,,,,
ouMqJFl690U,,,,,,,,,
-nWjrLOKEXg,,,,,,,,,
BmINI7hYYe0,,,,,,,,,
IMkuNIMLsi8,,,,,,,,,
yM5rF4FMXkg,,,,,,,,,
36mThSWUv2k,,,,,,,,,
PGv60XgT6aI,,,,,,,,,
JmNsQZ6wh6E,,,,,,,,,
WfDAJBhNIPw,,,,,,,,,
suZr6tCGJGg,,,,,,,,,
r8-NHuyYuhQ,,,,,,,,,
ONuMUvcx2eU,,,,,,,,,
okBPCuFr2oI,,,,,,,,,
ZaVW-APjuNU,,,,,,,,,
sVyIWerzasI,,,,,,,,,
FFy0A1Bywoc,,,,,,,,,
P-rpPfMk5u0,,,,,,,,,
tlRsnI0Hrlk,,,,,,,,,
6DybFSs_RLc,,,,,,,,,
BcrkyoHh42o,,,,,,,,,
4EeyTa_uWcs,,,,,,,,,
19HWnOsGATo,,,,,,,,,
0XjxWY2--zk,,,,,,,,,
vizjFlNoy_4,,,,,,,,,
Z2knP6RBC8o,,,,,,,,,
WVmpEmj2c4c,,,,,,,,,
WmmXM1mwGl8,,,,,,,,,
tRvyrUIOjAk,,,,,,,,,
-zfgtVZoV9I,,,,,,,,,
zEqFyWmIc00,,,,,,,,,
HVh_T2uc_oA,,,,,,,,,
FPkCr43_euI,,,,,,,,,
IehXdV_biak,,,,,,,,,
o82gObOLOcM,,,,,,,,,
kw1TeUDhUgQ,,,,,,,,,
4TwRbDgAKTs,,,,,,,,,
EQTLC5sf8tY,,,,,,,,,
qW0Or-MI-IM,,,,,,,,,
LlAL-gwndTg,,,,,,,,,
uMvTzqLBwAw,,,,,,,,,
pqGgZwSffYE,,,,,,,,,
2Ez8bu5xY2c,,,,,,,,,
sZRx-rjW6GQ,,,,,,,,,
tv4HtbeDbWs,,,,,,,,,
HkL6Yn7hoSk,,,,,,,,,
YVZnqSeZlPM,,,,,,,,,
xKX125srwYU,,,,,,,,,
66_96k6xF4Q,,,,,,,,,
KHVRb_kCpDo,,,,,,,,,
fohPdVkAAoc,,,,,,,,,
75WVAdg3ilI,,,,,,,,,
v7PJP_d8v9o,,,,,,,,,
r1An-UEjAss,,,,,,,,,
st-JB78UKz4,,,,,,,,,
XNMJjHFCaWg,,,,,,,,,
3W1T8wBdN-M,,,,,,,,,
u-gzRwDbDSg,,,,,,,,,
JfyP6uKxsAE,,,,,,,,,
H5MIAo1qNRk,,,,,,,,,
e2t10sCcK94,,,,,,,,,
Vx8ojO1D8AU,,,,,,,,,
Vo2wVubJeeA,,,,,,,,,
EfphxQ5ISDM,,,,,,,,,
5XQ8d6uR_tM,,,,,,,,,
dwkLKc7ZgTY,,,,,,,,,
ROghmvjsaB0,,,,,,,,,
of9591iY6HQ,,,,,,,,,
lzJkLbnZTdM,,,,,,,,,
8qvbTwbOuIc,,,,,,,,,
44wBAmKJKzg,,,,,,,,,
W1XkXW4Dkm4,,,,,,,,,
ixPZNJLCdlc,,,,,,,,,
aRiP9lWHOrE,,,,,,,,,
Ph3ua4nAh0M,,,,,,,,,
QNoY8ZNgJ6E,,,,,,,,,
g1RTffMgkrU,,,,,,,,,
eAu8pzsEffQ,,,,,,,,,
1vFPVz2a4CU,,,,,,,,,
aJYy0wpUx3I,,,,,,,,,
4iy-xg3O8TQ,,,,,,,,,
zMp2ztWC1FA,,,,,,,,,
BJajZOC1Bsk,,,,,,,,,
E-LFuS_LEr8,,,,,,,,,
HPelWDVi7Ss,,,,,,,,,
thFKZnLFJ_s,,,,,,,,,
ifsAOgW8Vo0,,,,,,,,,
3NZoa0ikKrg,,,,,,,,,
eIP-ohXu8lU,,,,,,,,,
BVgZTp8VTqI,,,,,,,,,
3SRx8gkjjXw,,,,,,,,,
O_OLyYy8HTM,,,,,,,,,
pCn7FIN29LQ,,,,,,,,,
aDlAIbVxxX8,,,,,,,,,
_EocNjCdLlY,,,,,,,,,
6q0IKtcVHg0,,,,,,,,,
dNjkBQPw-l0,,,,,,,,,
axaF10JIvGM,,,,,,,,,
RjTeafj_o78,,,,,,,,,
GLyXmdnBH3Q,,,,,,,,,
_kjgGorViF8,,,,,,,,,
tnIYpeelvt4,,,,,,,,,
wnuh3B2R170,,,,,,,,,
Hu-RPDs_IPE,,,,,,,,,
pWtwl_RTywk,,,,,,,,,
tXQtOV8cFJQ,,,,,,,,,
NQs8dMQMaQo,,,,,,,,,
UlIYImQWZMI,,,,,,,,,
NhtXyQJ17yw,,,,,,,,,
_TRn3yFZkso,,,,,,,,,
3-FfFAxVldc,,,,,,,,,
PfBVHOrzmFE,,,,,,,,,
Yq2IXr-SryY,,,,,,,,,
hb-QpwCJAvU,,,,,,,,,
gu9_m0vm7fM,,,,,,,,,
9Xb79yQxkIY,,,,,,,,,
VH7UYs5wzQo,,,,,,,,,
B-FHheaD__M,,,,,,,,,
pD2X7HJN6nY,,,,,,,,,
dMnsQG-qsR4,,,,,,,,,
nqy3JUZ2Jwo,,,,,,,,,
1uAtvSDdZJw,,,,,,,,,
UqWmsRYB2bQ,,,,,,,,,
d9Xe0_FAW3Y,,,,,,,,,
LoEHgZkfIIo,,,,,,,,,
2COE-b4cmv0,,,,,,,,,
nuYZk1jAr_I,,,,,,,,,
cPMMr_Zcjso,,,,,,,,,
L5TSaXdCuGk,,,,,,,,,
iVPCboAPl-8,,,,,,,,,
0npsclLvnN0,,,,,,,,,
sa3xsvZVYoc,,,,,,,,,
qCMaOjHx6N4,,,,,,,,,
0U1i8z1yIFk,,,,,,,,,
nFzB2oCQ7-M,,,,,,,,,
AxSqDqjv3a8,,,,,,,,,
iMPZV0lIDPE,,,,,,,,,
47In-TrAjnA,,,,,,,,,
Lsj64qlzgnM,,,,,,,,,
6plvLgmlUF4,,,,,,,,,
qpDc75A2IhM,,,,,,,,,
_GOsYO8O-iw,,,,,,,,,
_XhmRy5WFdc,,,,,,,,,
SqDOmRgJsOg,,,,,,,,,
Qi19Y8vL9Qk,,,,,,,,,
Qbi0QlMPoHw,,,,,,,,,
Zz1_jA9DtWc,,,,,,,,,
4Ed0h6K1fu8,,,,,,,,,
r3tieoMIkKc,,,,,,,,,
DdqNdRsxBa0,,,,,,,,,
YCgYUZZX7uc,,,,,,,,,
B1fHKylG6UE,,,,,,,,,
en4n3lflSs0,,,,,,,,,
LdcKb2nBg_0,,,,,,,,,
M9HkxKz17kw,,,,,,,,,
Sgx3DD74tOk,,,,,,,,,
tlHxzHT5V-k,,,,,,,,,
LTi1Y-0-A1k,,,,,,,,,
w0sOgpkPBJM,,,,,,,,,
fnUMABLS-ZQ,,,,,,,,,
t_4KLunH69s,,,,,,,,,
llLm62yE1Gc,,,,,,,,,
iRxKoOVrxqc,,,,,,,,,
z74HBxFEam8,,,,,,,,,
HvNF0yFUcx0,,,,,,,,,
sEGKE6H2c8M,,,,,,,,,
mAfCNhV-mes,,,,,,,,,
PBNq88tcLCA,,,,,,,,,
EKiGJPzJDXQ,,,,,,,,,
ivQuZ0P81-w,,,,,,,,,
dRf3NRNO5C4,,,,,,,,,
U1lUK7at1vE,,,,,,,,,
4syMeZOovEU,,,,,,,,,
B7xlm63ITQI,,,,,,,,,
rFXy1ssqqQg,,,,,,,,,
TM81x8obEx8,,,,,,,,,
U76REOjtmVQ,,,,,,,,,
InyTsJTqbbs,,,,,,,,,
xwpEqdcOF4k,,,,,,,,,
QvhU8Sdc9Iw,,,,,,,,,
D_MQ9x-GJ7k,,,,,,,,,
tjP31DEbKIM,,,,,,,,,
WjtwijJfhlw,,,,,,,,,
toziTx6pu-8,,,,,,,,,
EdjSNX5W3wA,,,,,,,,,
SZDSLQM6wFM,,,,,,,,,
Px4YVG1uvkE,,,,,,,,,
QsZQU4J4c5Q,,,,,,,,,
TaN6y68lGjM,,,,,,,,,
4bwoj7-9ipM,,,,,,,,,
y44ZGppsKOU,,,,,,,,,
mfvxtGtQ9B4,,,,,,,,,
MYEJ5lCpN6s,,,,,,,,,
2nFlVPmzA9I,,,,,,,,,
IiVZq1Wapdg,,,,,,,,,
hkKt15IHIqw,,,,,,,,,
6cV_7ZRwMsU,,,,,,,,,
-7w9xtGgibU,,,,,,,,,
HanuUE0Jgsc,,,,,,,,,
Xq9XomvKyu0,,,,,,,,,
LdUZvSX05kU,,,,,,,,,
4pqzWmBIm5o,,,,,,,,,
v9eBDhBz0HQ,,,,,,,,,
8lVH7qRUZlM,,,,,,,,,
X_SEUx4hoIk,,,,,,,,,
JpvgKPuChyM,,,,,,,,,
pOB7Umo5J8I,,,,,,,,,
B6IaA_5vu-Q,,,,,,,,,
wlpsaXNYutw,,,,,,,,,
PL2xxNew7Sc,,,,,,,,,
zkbzSwB5JgQ,,,,,,,,,
1Ngjbu8S5DA,,,,,,,,,
Zc_FDPob3eE,,,,,,,,,
HoThFpgzCuw,,,,,,,,,
GyyrFvnVRKc,,,,,,,,,
AeHxzkoPkoA,,,,,,,,,
w-ziBlQMvKY,,,,,,,,,
xonhLnAjhmg,,,,,,,,,
oqaMGt6bgqE,,,,,,,,,
1xGWgmyHnNY,,,,,,,,,
jER36Ga6WoE,,,,,,,,,
_R_7-0aJqlI,,,,,,,,,
8kCHH_OYIRQ,,,,,,,,,
yDhMa24qkFg,,,,,,,,,
_u9kt3SiyJk,,,,,,,,,
vCrIMbXg_9Y,,,,,,,,,
-Xrdx8pDPj8,,,,,,,,,
phN1nUu-VBg,,,,,,,,,
2iiYP6Ncw58,,,,,,,,,
5XX_dWUh7vc,,,,,,,,,
5qxr6kkUqhU,,,,,,,,,
YTApdaTcGqw,,,,,,,,,
IDTmE6YvBIk,,,,,,,,,
w4ZUsO2QKj4,,,,,,,,,
3y06_Bh4tn4,,,,,,,,,
5_RfTv88aEs,,,,,,,,,
9KgLHsk5hl0,,,,,,,,,
v6ANNt_LfW4,,,,,,,,,
RQPuQQYuiiM,,,,,,,,,
e1ZPARZ57Do,,,,,,,,,
ZTaenDpFejw,,,,,,,,,
3pJNtKjvK6M,,,,,,,,,
BwB_SFVfLQY,,,,,,,,,
hJR1AjGINl0,,,,,,,,,
guzJhBTHiBI,,,,,,,,,
eJfHoKvDVyo,,,,,,,,,
HFKkF8_8DCU,,,,,,,,,
uGoPP6x3CvE,,,,,,,,,
_cZWLdXTbds,,,,,,,,,
fmJo9sBgqLw,,,,,,,,,
w55oLy7sI4Q,,,,,,,,,
ZbclLcOm14k,,,,,,,,,
j5koMqBpqH4,,,,,,,,,
azkp5292SlY,,,,,,,,,
XMkDC2rNKYw,,,,,,,,,
gHpWrBRHCJs,,,,,,,,,
QxuI1kaAd0g,,,,,,,,,
0zgH4Ie-zv4,,,,,,,,,
l1bLN4C6HO8,,,,,,,,,
-Zz57ITOYDU,,,,,,,,,
rUn-Dkij9tg,,,,,,,,,
-muCThBHudQ,,,,,,,,,
tsZXwt33wxw,,,,,,,,,
MNnwfvFJYbQ,,,,,,,,,
HjdGkFDPiVE,,,,,,,,,
yAf16fLqvsg,,,,,,,,,
S98m1jYySMk,,,,,,,,,
tD0DdmmsEh0,,,,,,,,,
PIIJu6ZgpLc,,,,,,,,,
0mbm89IGT94,,,,,,,,,
4f1YyH18QyM,,,,,,,,,
9Sc4kmwlOfo,,,,,,,,,
_sP-fnHcxMw,,,,,,,,,
pyXzu-ev_jk,,,,,,,,,
N7TrJhSe370,,,,,,,,,
wFgGIyBp8vw,,,,,,,,,
RMLqz21wndE,,,,,,,,,
kZPfHywpUAw,,,,,,,,,
BanifeTM4uU,,,,,,,,,
pzCcFM7Rtj0,,,,,,,,,
J7uB1tiPcyU,,,,,,,,,
CN6iIfzYYcc,,,,,,,,,
OD4poiJKRV0,,,,,,,,,
z5FWwk4Maf8,,,,,,,,,
-UChaVaD1Hw,,,,,,,,,
LMTvFGCXbUw,,,,,,,,,
LQldqrGSDv4,,,,,,,,,
56vxofPCUyM,,,,,,,,,
lVEddPb5Bc8,,,,,,,,,
1s87yX8I4J0,,,,,,,,,
HyfauAubFaI,,,,,,,,,
fRKGZJDOI_Y,,,,,,,,,
LCLOfPPDLZ0,,,,,,,,,
ovDKBYiBewI,,,,,,,,,
GBTIpveAO3Y,,,,,,,,,
OXehDNuuqCc,,,,,,,,,
iW2EKsKJhgU,,,,,,,,,
gVu6BeQ3pmM,,,,,,,,,
3zg-2EucYIM,,,,,,,,,
3CDzypp4u6U,,,,,,,,,
1A0xVbijFIA,,,,,,,,,
sDgxBpDF3zc,,,,,,,,,
j1VYOhYqB8E,,,,,,,,,
zok7RyVYsvA,,,,,,,,,
-lr08IVgQdg,,,,,,,,,
FR6-4cGp1gc,,,,,,,,,
bpLfeyBQJPI,,,,,,,,,
FwYoJvKd1xM,,,,,,,,,
HemOG9GPHVk,,,,,,,,,
qhpDyWmHD1Y,,,,,,,,,
k5J92QJw-fQ,,,,,,,,,
SY8-9tZc_PE,,,,,,,,,
oi4JsohguRE,,,,,,,,,
jER5qE_DJLs,,,,,,,,,
4DhaeSjol3A,,,,,,,,,
cFjf5bPm70I,,,,,,,,,
lphX6cCgqSA,,,,,,,,,
a23K4ZAbS0I,,,,,,,,,
6QsAeH8auz4,,,,,,,,,
6BMNwbikelE,,,,,,,,,
G19y9NVzghM,,,,,,,,,
4jsw69fLR5I,,,,,,,,,
sMFSYSsHpzE,,,,,,,,,
Y4_IOjxJY9o,,,,,,,,,
TVa6z8uQ3oE,,,,,,,,,
_iANqqzwldc,,,,,,,,,
-odH1xQW_8g,,,,,,,,,
VgqUWPbmHsc,,,,,,,,,
g7ewUU73Yp4,,,,,,,,,
EKgAXxzwo_w,,,,,,,,,
Tux68Q-1ciw,,,,,,,,,
RDl-q7NIcWM,,,,,,,,,
pUKIxF8EeiA,,,,,,,,,
BYLcS38Wytc,,,,,,,,,
lTyossbpk6o,,,,,,,,,
ezTeU2XCWEE,,,,,,,,,
Tvy0yT9vDiQ,,,,,,,,,
i-lonnbc8gw,,,,,,,,,
BCQ_Zm8yft4,,,,,,,,,
2HYU5xEJW34,,,,,,,,,
QzLEamfIjr8,,,,,,,,,
J3xj-q369Ic,,,,,,,,,
sof0qph1I5o,,,,,,,,,
9hUecqVIRU0,,,,,,,,,
yk6ARS06WRw,,,,,,,,,
KJ2HpJJ5rhs,,,,,,,,,
n7OMnDs54ro,,,,,,,,,
VKK-zuVkRy0,,,,,,,,,
bGMXaqg4tRQ,,,,,,,,,
gvNHE6OxNxY,,,,,,,,,
F4ckgBOm56A,,,,,,,,,
Z4gsHo6-Yfs,,,,,,,,,
utNFFi2MMog,,,,,,,,,
VPPl8uvUZ-Q,,,,,,,,,
9hsOK5VFdx8,,,,,,,,,
fvtKVqWBhJQ,,,,,,,,,
LrC8CCq1VTk,,,,,,,,,
XBbExc5kMOI,,,,,,,,,
5zJhRYwQX6A,,,,,,,,,
IT8COB1S52I,,,,,,,,,
Nma3AAuBrDA,,,,,,,,,
vsT9ae-7YKc,,,,,,,,,
2WWOMjFfKLk,,,,,,,,,
azaTYZ3qUqU,,,,,,,,,
7F2FxKxwPNY,,,,,,,,,
N6_6uefqcQY,,,,,,,,,
NrhovstmZOI,,,,,,,,,
QBmqQqRBasA,,,,,,,,,
-W5gW9vdksI,,,,,,,,,
AgVFt1MC7XM,,,,,,,,,
ExsAFWrblsw,,,,,,,,,
ZRkTXwSx_2c,,,,,,,,,
PBZv5kRj_B0,,,,,,,,,
xO5aGzLF5P0,,,,,,,,,
0JFMkPvG6D8,,,,,,,,,
t_gjSAjQdXw,,,,,,,,,
FHwE-K8hpMI,,,,,,,,,
rICw89xDb3I,,,,,,,,,
V3rELK6FZ8A,,,,,,,,,
pVq6zyY9seY,,,,,,,,,
-UA_Ul6mu3Y,,,,,,,,,
-fwVRX3KSeo,,,,,,,,,
lBZ15gHbUTo,,,,,,,,,
lMCx6SDI0Z4,,,,,,,,,
_cIUUVUIEwQ,,,,,,,,,
PkCTb0mQk0o,,,,,,,,,
l0ktOAAbmzI,,,,,,,,,
QtmK0cDp_es,,,,,,,,,
jCofbHFUkQY,,,,,,,,,
2UDble5tIqY,,,,,,,,,
at2G7xHFweo,,,,,,,,,
94ZE9SfqG9Q,,,,,,,,,
xLYi-c0jmzo,,,,,,,,,
yWkNU0SNB30,,,,,,,,,
u7WacLIr2fM,,,,,,,,,
YBJy18TgNk4,,,,,,,,,
-urpKwt7v_4,,,,,,,,,
pdAuuItI9z4,,,,,,,,,
7j9tDX5ea48,,,,,,,,,
PmWotf1QRkc,,,,,,,,,
qXjjG7Sffrg,,,,,,,,,
R7Vch1cz3fE,,,,,,,,,
SeWdfUPQ_Mw,,,,,,,,,
8UoKASyNWBc,,,,,,,,,
oN6vu7DxyCU,,,,,,,,,
sLUeSbZTjT8,,,,,,,,,
4QvLr9qt_AU,,,,,,,,,
tmKIlxJAFtI,,,,,,,,,
LXmwfL4VWyM,,,,,,,,,
9quf91wvxGU,,,,,,,,,
ugCVv1nYhs0,,,,,,,,,
stkUa_zuVR0,,,,,,,,,
E-L3ETiJnUE,,,,,,,,,
zu8rWB4Hxto,,,,,,,,,
mlLTP89ARRA,,,,,,,,,
hftMbtdYrro,,,,,,,,,
h7mrbAIaeYY,,,,,,,,,
iT6OMB2BT_8,,,,,,,,,
_PO1T7jXQ0k,,,,,,,,,
fHO5IMPOiFk,,,,,,,,,
YjYx8cQjJOs,,,,,,,,,
OD6G5swKDqA,,,,,,,,,
1XfIR370SRc,,,,,,,,,
g20RWkLIj0k,,,,,,,,,
XsQf71LQipk,,,,,,,,,
1jylFLINt1I,,,,,,,,,
BAW1heEBXv4,,,,,,,,,
r7tliE_OALs,,,,,,,,,
DvKm-gt0uD0,,,,,,,,,
-AwMpYwAC9U,,,,,,,,,
h1jjjJYho8E,,,,,,,,,
ZfYyvH3kkeo,,,,,,,,,
Kthv7D_zPcw,,,,,,,,,
SlRprQIuSpM,,,,,,,,,
WjI6pefTMGM,,,,,,,,,
_nlUMQR5jT0,,,,,,,,,
pz7ZZ-cLH-s,,,,,,,,,
ldU21DyOkl0,,,,,,,,,
OxmKXaZ9aMI,,,,,,,,,
Uo2tehn3-vo,,,,,,,,,
e3g2mNPoxos,,,,,,,,,
vtUFQG-nhqc,,,,,,,,,
Dz_iAQlgkEY,,,,,,,,,
alAzHsUwKps,,,,,,,,,
PUczxTyZH7Q,,,,,,,,,
kyH8wfXxp-4,,,,,,,,,
CybgGbaeipc,,,,,,,,,
UM__gzBJYrI,,,,,,,,,
Yy-hSUOivak,,,,,,,,,
b6D-B88ggmU,,,,,,,,,
dTtWtXtivu0,,,,,,,,,
YzA2rv966tU,,,,,,,,,
IqjHNEMqAQ0,,,,,,,,,
ioRd6irQQhw,,,,,,,,,
95e7YmRaWtk,,,,,,,,,
HBLkadErKwY,,,,,,,,,
BQcCSuPkfA8,,,,,,,,,
VYFblz55khc,,,,,,,,,
g6xm6G593yI,,,,,,,,,
JY26q8xHVIc,,,,,,,,,
E21p_LvWRBQ,,,,,,,,,
GUUiU4o2I-I,,,,,,,,,
DbRmASinGA4,,,,,,,,,
cjCItm2YGyA,,,,,,,,,
Ugx18lwaI2k,,,,,,,,,
6kmv0Zz-WA0,,,,,,,,,
CB7mOZMqdDk,,,,,,,,,
jImWw0cqfn4,,,,,,,,,
OIWKB6v0oPI,,,,,,,,,
nFxN4UD-o6g,,,,,,,,,
_zTMF11BsIA,,,,,,,,,
5_ix5aBbao4,,,,,,,,,
8U_1Yfpt46A,,,,,,,,,
yfGZbiebUuk,,,,,,,,,
Stui8N10Cjg,,,,,,,,,
RZFTkScBmTI,,,,,,,,,
dOfTcx59Jno,,,,,,,,,
SUKwNi5keyk,,,,,,,,,
5W0K9Uz1_GM,,,,,,,,,
MRPtWVpqW9Q,,,,,,,,,
l4dqjLvEPdY,,,,,,,,,
-d342sq7QG4,,,,,,,,,
iQIi1HpnZYQ,,,,,,,,,
6cazg8ZY9zE,,,,,,,,,
AHN7CkwL5do,,,,,,,,,
XibSm-vWGRE,,,,,,,,,
gAifU76dUBQ,,,,,,,,,
6IIwIbXaXA4,,,,,,,,,
Q-P8zu9_5ZA,,,,,,,,,
bKbY7M7IpXg,,,,,,,,,
33WmX4eudJQ,,,,,,,,,
uB2MLcR_n0I,,,,,,,,,
gI_Hd3U8zKc,,,,,,,,,
I_3_d82CqVQ,,,,,,,,,
iOopC3F_H18,,,,,,,,,
_fZXEIKtWp0,,,,,,,,,
OSi0oGmnLQU,,,,,,,,,
LiYzJaE7b7s,,,,,,,,,
rOt-CIrx0_Y,,,,,,,,,
B2QO1OdxetA,,,,,,,,,
DQF7q6JjpGQ,,,,,,,,,
IcL8cIoBoXk,,,,,,,,,
tsI0Jua15jY,,,,,,,,,
WEulE0p_c7Y,,,,,,,,,
1hQLYvTjRr0,,,,,,,,,
xwlPAdLV9wM,,,,,,,,,
ZRT6EnJs6Mg,,,,,,,,,
oN2i8iHUtS0,,,,,,,,,
Ni2ud7C_JEI,,,,,,,,,
X8_fAEdljIg,,,,,,,,,
1fP8bnTnzNU,,,,,,,,,
kkJzRWoNLzI,,,,,,,,,
bqk6-nD66ak,,,,,,,,,
bj8nyIE0Cik,,,,,,,,,
bN9Ix3xeJbE,,,,,,,,,
6HRpdHY4QxI,,,,,,,,,
iI-pnMzG5Ak,,,,,,,,,
iM7vCwKkoF8,,,,,,,,,
bQoG6uz-OmY,,,,,,,,,
mVgxklNZV9I,,,,,,,,,
v19TKDCNT9Y,,,,,,,,,
gbYwETRmRyQ,,,,,,,,,
Pp3LeKUiks0,,,,,,,,,
4umTRW7mCGk,,,,,,,,,
1mBCMtaJCLg,,,,,,,,,
JgvgFcZvLag,,,,,,,,,
oWkyVfb9fos,,,,,,,,,
AiZ6_yM_KYQ,,,,,,,,,
95nI-dhaQws,,,,,,,,,
Rmu730GR6Hw,,,,,,,,,
vZvCgRim_Bc,,,,,,,,,
Zz970M0Wbdc,,,,,,,,,
kjcl3zcc2cA,,,,,,,,,
LNeuFaxcmsU,,,,,,,,,
8_ZGblCXJg4,,,,,,,,,
bTGfspmJ6FI,,,,,,,,,
8t4pkne6yYA,,,,,,,,,
ggFnKdig7kk,,,,,,,,,
vBzLqKMInX8,,,,,,,,,
MW0tmAtmvI0,,,,,,,,,
PZJ7nuJPn58,,,,,,,,,
T2P8Cd1UX8U,,,,,,,,,
uT5_q0PzXnM,,,,,,,,,
XoSGjeMLkGE,,,,,,,,,
olWmXj1WhOk,,,,,,,,,
HprkgLneZdw,,,,,,,,,
2lZm2Mmjw5U,,,,,,,,,
upAcVLmfzTI,,,,,,,,,
7bur2JbsVNE,,,,,,,,,
0I5lTa63HKw,,,,,,,,,
xu_Sm5SgBHM,,,,,,,,,
O_z6D00gKro,,,,,,,,,
eyXgb0vmBgI,,,,,,,,,
8yzowWQZniw,,,,,,,,,
NW2QvzJw6D8,,,,,,,,,
UgD9F-6jwBE,,,,,,,,,
U6HDts3YhUs,,,,,,,,,
nJ0poAnitUM,,,,,,,,,
JV3cNJlIqdY,,,,,,,,,
gKwCJfC18m4,,,,,,,,,
-kGF4c_5lz0,,,,,,,,,
nIUDv5ypFfc,,,,,,,,,
F2e49S4ynlA,,,,,,,,,
Pw_TynIlYo8,,,,,,,,,
dHuPZIdwGms,,,,,,,,,
aGtaKmOzAd0,,,,,,,,,
0v2Wp03gFck,,,,,,,,,
VnZNBHHRM4A,,,,,,,,,
lC_RH6ZVOHE,,,,,,,,,
v3UCawQefe8,,,,,,,,,
z1rfYEUFhME,,,,,,,,,
c6zmV6Id6q0,,,,,,,,,
EpodYkzANgk,,,,,,,,,
xIscwqnIRYA,,,,,,,,,
Vpwdp2sKeCc,,,,,,,,,
JpT3ZfwVhx4,,,,,,,,,
tztxG0bz5wo,,,,,,,,,
awdhbpej2jk,,,,,,,,,
fLfziLRFH1c,,,,,,,,,
_ozDlclym-Q,,,,,,,,,
8ODBRza_gZg,,,,,,,,,
9uSGclbQUOs,,,,,,,,,
NB-jEugNcAs,,,,,,,,,
uqtgRp5tK5s,,,,,,,,,
7XuSpdL0eZw,,,,,,,,,
shWpFFJCHHE,,,,,,,,,
3Mdb5Kun51Y,,,,,,,,,
pfOFOJZZs1A,,,,,,,,,
-GXdHhCctJ8,,,,,,,,,
fsJhmn3a4qc,,,,,,,,,
swweTwGNmUY,,,,,,,,,
JsTZYoQUP2U,,,,,,,,,
yDTzO9m3ds4,,,,,,,,,
z1nY5P8RnpY,,,,,,,,,
2jQWA-AvwZc,,,,,,,,,
TK3ipIy_6wk,,,,,,,,,
9VqQLDarj2w,,,,,,,,,
xPkF2Or6X1E,,,,,,,,,
ei0A-_EAEfo,,,,,,,,,
TEZ2F8mK798,,,,,,,,,
_Ie3m5Ch4lw,,,,,,,,,
9DY5ZoSLksI,,,,,,,,,
qj-_eSG8ybQ,,,,,,,,,
dZpDgkKkCw8,,,,,,,,,
JWJF-ENycKM,,,,,,,,,
RWsmGvkUpuE,,,,,,,,,
0i8_LUzmWqs,,,,,,,,,
zgLOuKXKfas,,,,,,,,,
f4zZVDdQfQw,,,,,,,,,
wIos8sxLBBI,,,,,,,,,
JCoOiazaQP0,,,,,,,,,
b7JMbNJXVkk,,,,,,,,,
5K_isR-ax_M,,,,,,,,,
3LlwahOY4b0,,,,,,,,,
Ll2xjl-pvoc,,,,,,,,,
RKIgWFv6yLQ,,,,,,,,,
N_bI9FSxsOs,,,,,,,,,
RT7rmvvPVB8,,,,,,,,,
huryM3LD2a4,,,,,,,,,
x-v4pEIL11A,,,,,,,,,
606NUGtRjUQ,,,,,,,,,
NcOE9Fb7b7Q,,,,,,,,,
tUrxhCFI09A,,,,,,,,,
jy2RL4mWF0k,,,,,,,,,
uw-MHfRTiFs,,,,,,,,,
fQ8TDbLJBTE,,,,,,,,,
oX44aUSiIGc,,,,,,,,,
M9KMPHtdkxI,,,,,,,,,
0m_vJFje450,,,,,,,,,
WOlzeLMw1Dk,,,,,,,,,
FcoMx_UWLSo,,,,,,,,,
Y0e8PhaAlXs,,,,,,,,,
I7HG1nW2PYo,,,,,,,,,
-ajuxlHRufE,,,,,,,,,
6X85QMty9OQ,,,,,,,,,
2hR3RiWsEa4,,,,,,,,,
fWl2nbR3wUA,,,,,,,,,
wBUEUJ2EOLo,,,,,,,,,
UycL2hlb4e8,,,,,,,,,
Ft5YYDjzaqw,,,,,,,,,
V6NHFxqeI4Q,,,,,,,,,
-sZ5pa0sDto,,,,,,,,,
ZIVpPJTCZNk,,,,,,,,,
TbWfD_efS5E,,,,,,,,,
b2BXy2jO5Zc,,,,,,,,,